{"Ar":[[[-4.2687618922714146,-7.9225930287927486,-7.3842218896063967,-3.2316698547770963],[1,0,0,0],[0,1,0,0],[0,0,1,0]],[],0,[],0,[],[],[[-4.2687618922750055,-7.9225930286466726,-7.3842218894082414,-3.2316698545387714],[1,0,0,0],[0,1,0,0],[0,0,1,0]],[],[[-3.4293221257066508,-4.1537592097341021,-3.183458378405847],[1,0,0],[0,1,0]],[],[[-2.6613159550415095,-6.2214099981172994,-5.7711345875144406,-4.2835024923909257],[1,0,0,0],[0,1,0,0],[0,0,1,0]],0,[],[[-2.3605599150396714,-1.4607926753886471,-0.14583599553770463],[1,0,0],[0,1,0]],[],[[-2.5402467077619311,-2.3970021790914844,-0.66442592374398535,-0.041505183355602521],[1,0,0,0],[0,1,0,0],[0,0,1,0]],[],[],[[-3.4293221257066508,-4.1537592097341021,-3.183458378405847],[1,0,0],[0,1,0]],[],[[-3.668070824661636,-4.4624161975042815,-3.3423912481651756],[1,0,0],[0,1,0]],[],[[-3.5270369924359355,-5.2852954985369642,-3.5631290426598006],[1,0,0],[0,1,0]],0,[],[[-2.5402467077619311,-2.3970021790914844,-0.66442592374398535,-0.041505183355602521],[1,0,0,0],[0,1,0,0],[0,0,1,0]],[],[[-2.6124718745301796,-1.5667906884346121,-0.15243477878452583],[1,0,0],[0,1,0]],[],[],[[-2.6613159550415095,-6.2214099981172994,-5.7711345875144406,-4.2835024923909257],[1,0,0,0],[0,1,0,0],[0,0,1,0]],[],[[-3.5270369924359355,-5.2852954985369642,-3.5631290426598006],[1,0,0],[0,1,0]],[],[[-3.344572328817101,-5.3597358319524027,-3.9854106241837788],[1,0,0],[0,1,0]]],"Br":[[1,0,0,0],[],0,[],0,[],[],[1,0,0,0],[],[1,0,0],[],[1,0,0,0],0,[],[1,0,0],[],[1,0,0,0],[],[],[1,0,0],[],[1,0,0],[],[1,0,0],0,[],[1,0,0,0],[],[1,0,0],[],[],[1,0,0,0],[],[1,0,0],[],[1,0,0]],"Cr":[[271749.39639915974,365855.99712703866,159910.15287772822,0],[],0,[],0,[],[],[1.3548974704765223E+6,1.8240973912494266E+6,797285.53030781448,0],[],[1.2335364648327352E+6,884425.98110282165,0],[],[1.5872380819668993E+6,1.1119014835697142E+6,872544.43861330592,0],0,[],[2.1281565248228568E+6,791027.75451901718,0],[],[5.4332713610072685E+6,4.3420857524413643E+6,587548.00759288657,0],[],[],[1.2335364648327352E+6,884425.98110282165,0],[],[2.6699082223323928E+6,1.8850976644400945E+6,0],[],[-6.3673694533617636E+6,-3.9188654817797621E+6,0],0,[],[5.4332713610072685E+6,4.3420857524413643E+6,587548.00759288657,0],[],[1.9235815616175467E+8,6.221078456182117E+7,0],[],[],[1.5872380819668993E+6,1.1119014835697142E+6,872544.43861330592,0],[],[-6.3673694533617636E+6,-3.9188654817797621E+6,0],[],[1.0916528810753484E+8,7.4566333093668342E+7,0]],"Dr":[0,[],0,[],0,[],[],0,[],0,[],0,0,[],0,[],0,[],[],0,[],0,[],0,0,[],0,[],0,[],[],0,[],0,[],0],"MRB":[[574127.69,0,0,0,0,0],[0,574127.69,0,0,0,0],[0,0,574127.69,0,0,0],[0,0,0,5.167149E+6,0,0],[0,0,0,0,4.1237084E+7,0],[0,0,0,0,0,4.123708E+7]],"MA":[[40693.90385887734,0,0,0,0,0],[0,202893.06299252162,0,153947.77931489926,0,-434975.86482819222],[0,0,1.179259506073718E+6,0,2.6104419113598848E+6,0],[0,91581.766,0,1.8220632817339476E+6,0,424142.70436741249],[0,0,2.621689E+6,0,7.9913061629556134E+7,0],[0,-526062.38,0,678935.75,0,1.8481784703977354E+7]],"G":[[0,0,0,0,0,0],[0,0,0,0,0,0],[0,0,2.8360815E+6,0,4.217053E+6,0],[0,0,0,1.2975871E+7,0,83.724098],[0,0,4.217053E+6,0,2.1974229E+8,0],[0,0,0,0,0,0]],"Minv":[[1.664532949776914E-6,0,0,0,0,-0],[0,1.4276088702482538E-6,0,-2.0375596539087148E-8,-0,1.405291074001875E-8],[0,0,6.0638738154393565E-7,0,-1.3617407114719993E-8,-0],[0,-2.0375596539087148E-8,0,1.4571507375031005E-7,0,-2.0146587718061119E-9],[0,-0,-1.3617407114719993E-8,0,8.8715054746774565E-9,-0],[-0,1.405291074001875E-8,-0,-2.0146587718061119E-9,-0,1.853450169571331E-8]],"r_g":[-1.3899913,0,0]}