{"Ar": [[[-3.9673944520269604, -5.553879790355353, -4.230074153601827], [1.0, 0.0, 0.0], [0.0, 1.0, 0.0]], 2, 3, 4, 5, 6, 7, [[-3.9673944655044657, -5.553879807573375, -4.230074180231165], [1.0, 0.0, 0.0], [0.0, 1.0, 0.0]], 9, [[-3.013897026619106, -3.7441841435037704, -2.5853891577224144], [1.0, 0.0, 0.0], [0.0, 1.0, 0.0]], 11, [[-1.9553619531476372, -5.176331236079506, -3.9721127109322265, -3.553117028134084], [1.0, 0.0, 0.0, 0.0], [0.0, 1.0, 0.0, 0.0], [0.0, 0.0, 1.0, 0.0]], 13, 14, [[-2.233822767064283, -2.5651364066344553, -0.44179617806077714], [1.0, 0.0, 0.0], [0.0, 1.0, 0.0]], 16, [[-2.279513921553181, -1.7863949213203365, -0.24410191992181005], [1.0, 0.0, 0.0], [0.0, 1.0, 0.0]], 18, 19, [[-3.013897026619106, -3.7441841435037704, -2.5853891577224144], [1.0, 0.0, 0.0], [0.0, 1.0, 0.0]], 21, [[-3.3099413628293886, -4.064350558193054, -2.8616163026065786], [1.0, 0.0, 0.0], [0.0, 1.0, 0.0]], 23, [[-3.5015342688407234, -4.980861566207136, -3.2625636030213796], [1.0, 0.0, 0.0], [0.0, 1.0, 0.0]], 25, 26, [[-2.279513921553181, -1.7863949213203365, -0.24410191992181005], [1.0, 0.0, 0.0], [0.0, 1.0, 0.0]], 28, [[-2.350451399809155, -2.247564941348488, -0.3549400890639775], [1.0, 0.0, 0.0], [0.0, 1.0, 0.0]], 30, 31, [[-1.9553619531476372, -5.176331236079506, -3.9721127109322265, -3.553117028134084], [1.0, 0.0, 0.0, 0.0], [0.0, 1.0, 0.0, 0.0], [0.0, 0.0, 1.0, 0.0]], 33, [[-3.5015342688407234, -4.980861566207136, -3.2625636030213796], [1.0, 0.0, 0.0], [0.0, 1.0, 0.0]], 35, [[-3.4108253900314818, -5.367612380524921, -3.8450670471572126], [1.0, 0.0, 0.0], [0.0, 1.0, 0.0]]], "Br": [[[1.0], [0.0], [0.0]], 2, 3, 4, 5, 6, 7, [[1.0], [0.0], [0.0]], 9, [[1.0], [0.0], [0.0]], 11, [[1.0], [0.0], [0.0], [0.0]], 13, 14, [[1.0], [0.0], [0.0]], 16, [[1.0], [0.0], [0.0]], 18, 19, [[1.0], [0.0], [0.0]], 21, [[1.0], [0.0], [0.0]], 23, [[1.0], [0.0], [0.0]], 25, 26, [[1.0], [0.0], [0.0]], 28, [[1.0], [0.0], [0.0]], 30, 31, [[1.0], [0.0], [0.0], [0.0]], 33, [[1.0], [0.0], [0.0]], 35, [[1.0], [0.0], [0.0]]], "Cr": [[[295351.08266866545, 201800.1766736102, 0.0]], 2, 3, 4, 5, 6, 7, [[1472571.5706899355, 1006142.255697109, 0.0]], 9, [[1144354.959143594, 718699.3860686442, 0.0]], 11, [[208631.71373795252, -593619.3986327061, -600736.7368176105, 0.0]], 13, 14, [[1579151.9515188234, 1974900.785375333, 0.0]], 16, [[7880994.817857315, 4449355.590570114, 0.0]], 18, 19, [[1144354.959143594, 718699.3860686442, 0.0]], 21, [[2464727.707165067, 1623093.4293147428, 0.0]], 23, [[-8108205.698674133, -4724226.3514628215, 0.0]], 25, 26, [[7880994.817857315, 4449355.590570114, 0.0]], 28, [[175379743.8131513, 136052219.14035708, 0.0]], 30, 31, [[208631.71373795252, -593619.3986327061, -600736.7368176105, 0.0]], 33, [[-8108205.698674133, -4724226.3514628215, 0.0]], 35, [[108464188.98309395, 70491572.41253807, 0.0]]], "MA": [[40922.919065791364, 0.0, 0.0, 0.0, 0.0, 0.0], [0.0, 204034.8949774608, 0.0, 150000.45207586707, 0.0, -697777.258233336], [0.0, 0.0, 1123591.8599867842, 0.0, 4159218.570856914, 0.0], [0.0, 150000.45207586707, 0.0, 1816431.5121383464, 0.0, 191177.392295418], [0.0, 0.0, 4159218.570856914, 0.0, 86455051.32777233, 0.0], [0.0, -697777.258233336, 0.0, 191177.392295418, 0.0, 20307062.495409157]], "MRB": [[574127.69, 0.0, 0.0, 0.0, 0.0, 0.0], [0.0, 574127.69, 0.0, 0.0, 0.0, -798032.4941890968], [0.0, 0.0, 574127.69, 0.0, 798032.4941890968, 0.0], [0.0, 0.0, 0.0, 5167149.0, 0.0, 0.0], [0.0, 0.0, 798032.4941890968, 0.0, 42346342.22404014, 0.0], [0.0, -798032.4941890968, 0.0, 0.0, 0.0, 42346338.22404014]], "G": [[0.0, 0.0, 0.0, 0.0, 0.0, 0.0], [0.0, 0.0, 0.0, 0.0, 0.0, 0.0], [0.0, 0.0, 2836081.5, 0.0, 8159181.61109095, 0.0], [0.0, 0.0, 0.0, 12975871.0, 0.0, 83.724098], [0.0, 0.0, 8159181.61109095, 0.0, 236945148.43617532, 0.0], [0.0, 0.0, 0.0, 0.0, 0.0, 0.0]], "freqs": [0.2094395, 0.2513274, 0.3141592, 0.3590392, 0.3695991, 0.3807991, 0.3926991, 0.4053668, 0.418879, 0.4333231, 0.4487989, 0.4654211, 0.4833219, 0.5026549, 0.5235987, 0.5463639, 0.5711986, 0.5983986, 0.6283185, 0.6613879, 0.6981317, 0.7391983, 0.7853981, 0.837758, 0.8975978, 0.9666439, 1.047197, 1.142397, 1.256637, 1.396263, 1.570796, 1.795196, 2.094395, 2.513274, 3.141593, 4.18879]}