{"Ar": [[[-3.967394580013252, -5.55387995118123, -4.23007441459478], [1.0, 0.0, 0.0], [0.0, 1.0, 0.0]], [[-3.013893464776688, -3.744180798822634, -2.585383005592848], [1.0, 0.0, 0.0], [0.0, 1.0, 0.0]], [], [[-3.501534321861503, -4.980861634134463, -3.262563709497955], [1.0, 0.0, 0.0], [0.0, 1.0, 0.0]], [], [[-3.410825628355912, -5.367612682485542, -3.845067621219178], [1.0, 0.0, 0.0], [0.0, 1.0, 0.0]], [[-3.967394580013252, -5.55387995118123, -4.23007441459478], [1.0, 0.0, 0.0], [0.0, 1.0, 0.0]], [[-3.013893464776688, -3.744180798822634, -2.585383005592848], [1.0, 0.0, 0.0], [0.0, 1.0, 0.0]], [], [[-3.501534321861503, -4.980861634134463, -3.262563709497955], [1.0, 0.0, 0.0], [0.0, 1.0, 0.0]], [], [[-3.410825628355912, -5.367612682485542, -3.845067621219178], [1.0, 0.0, 0.0], [0.0, 1.0, 0.0]], [[-3.967394580013252, -5.55387995118123, -4.23007441459478], [1.0, 0.0, 0.0], [0.0, 1.0, 0.0]], [[-3.013893464776688, -3.744180798822634, -2.585383005592848], [1.0, 0.0, 0.0], [0.0, 1.0, 0.0]], [], [[-3.501534321861503, -4.980861634134463, -3.262563709497955], [1.0, 0.0, 0.0], [0.0, 1.0, 0.0]], [], [[-3.410825628355912, -5.367612682485542, -3.845067621219178], [1.0, 0.0, 0.0], [0.0, 1.0, 0.0]], [[-3.967394580013252, -5.55387995118123, -4.23007441459478], [1.0, 0.0, 0.0], [0.0, 1.0, 0.0]], [[-3.013893464776688, -3.744180798822634, -2.585383005592848], [1.0, 0.0, 0.0], [0.0, 1.0, 0.0]], [], [[-3.501534321861503, -4.980861634134463, -3.262563709497955], [1.0, 0.0, 0.0], [0.0, 1.0, 0.0]], [], [[-3.410825628355912, -5.367612682485542, -3.845067621219178], [1.0, 0.0, 0.0], [0.0, 1.0, 0.0]], [[-3.967394580013252, -5.55387995118123, -4.23007441459478], [1.0, 0.0, 0.0], [0.0, 1.0, 0.0]], [[-3.013893464776688, -3.744180798822634, -2.585383005592848], [1.0, 0.0, 0.0], [0.0, 1.0, 0.0]], [], [[-3.501534321861503, -4.980861634134463, -3.262563709497955], [1.0, 0.0, 0.0], [0.0, 1.0, 0.0]], [], [[-3.410825628355912, -5.367612682485542, -3.845067621219178], [1.0, 0.0, 0.0], [0.0, 1.0, 0.0]], [[-3.967394580013252, -5.55387995118123, -4.23007441459478], [1.0, 0.0, 0.0], [0.0, 1.0, 0.0]], [[-3.013893464776688, -3.744180798822634, -2.585383005592848], [1.0, 0.0, 0.0], [0.0, 1.0, 0.0]], [], [[-3.501534321861503, -4.980861634134463, -3.262563709497955], [1.0, 0.0, 0.0], [0.0, 1.0, 0.0]], [], [[-3.410825628355912, -5.367612682485542, -3.845067621219178], [1.0, 0.0, 0.0], [0.0, 1.0, 0.0]]], "Br": [[[1.0], [0.0], [0.0]], [[1.0], [0.0], [0.0]], [], [[1.0], [0.0], [0.0]], [], [[1.0], [0.0], [0.0]], [[1.0], [0.0], [0.0]], [[1.0], [0.0], [0.0]], [], [[1.0], [0.0], [0.0]], [], [[1.0], [0.0], [0.0]], [[1.0], [0.0], [0.0]], [[1.0], [0.0], [0.0]], [], [[1.0], [0.0], [0.0]], [], [[1.0], [0.0], [0.0]], [[1.0], [0.0], [0.0]], [[1.0], [0.0], [0.0]], [], [[1.0], [0.0], [0.0]], [], [[1.0], [0.0], [0.0]], [[1.0], [0.0], [0.0]], [[1.0], [0.0], [0.0]], [], [[1.0], [0.0], [0.0]], [], [[1.0], [0.0], [0.0]], [[1.0], [0.0], [0.0]], [[1.0], [0.0], [0.0]], [], [[1.0], [0.0], [0.0]], [], [[1.0], [0.0], [0.0]]], "Cr": [[[295351.08730108314, 201800.1892697435, 0.0]], [[1144354.4222562425, 718697.5894956317, 0.0]], [], [[-8108205.760494178, -4724226.518190665, 0.0]], [], [[108464192.17365691, 70491583.04916087, 0.0]], [[295351.08730108314, 201800.1892697435, 0.0]], [[1144354.4222562425, 718697.5894956317, 0.0]], [], [[-8108205.760494178, -4724226.518190665, 0.0]], [], [[108464192.17365691, 70491583.04916087, 0.0]], [[295351.08730108314, 201800.1892697435, 0.0]], [[1144354.4222562425, 718697.5894956317, 0.0]], [], [[-8108205.760494178, -4724226.518190665, 0.0]], [], [[108464192.17365691, 70491583.04916087, 0.0]], [[295351.08730108314, 201800.1892697435, 0.0]], [[1144354.4222562425, 718697.5894956317, 0.0]], [], [[-8108205.760494178, -4724226.518190665, 0.0]], [], [[108464192.17365691, 70491583.04916087, 0.0]], [[295351.08730108314, 201800.1892697435, 0.0]], [[1144354.4222562425, 718697.5894956317, 0.0]], [], [[-8108205.760494178, -4724226.518190665, 0.0]], [], [[108464192.17365691, 70491583.04916087, 0.0]], [[295351.08730108314, 201800.1892697435, 0.0]], [[1144354.4222562425, 718697.5894956317, 0.0]], [], [[-8108205.760494178, -4724226.518190665, 0.0]], [], [[108464192.17365691, 70491583.04916087, 0.0]]], "MA": [[40922.919325314455, 0.0, 0.0, 0.0, 0.0, 0.0], [0.0, 204034.8949252983, 0.0, 150000.43063888507, 0.0, -697777.2562691855], [0.0, 0.0, 1123593.0779269992, 0.0, 4159218.68729556, 0.0], [0.0, 150000.43063888507, 0.0, 1816431.5103518052, 0.0, 191177.38981879194], [0.0, 0.0, 4159218.68729556, 0.0, 86163855.6401374, 0.0], [0.0, -697777.2562691855, 0.0, 191177.38981879194, 0.0, 20307062.69335732]], "MRB": [[574127.69, 0.0, 0.0, 0.0, 0.0, 0.0], [0.0, 574127.69, 0.0, 0.0, 0.0, -798032.4941890968], [0.0, 0.0, 574127.69, 0.0, 798032.4941890968, 0.0], [0.0, 0.0, 0.0, 5167149.0, 0.0, 0.0], [0.0, 0.0, 798032.4941890968, 0.0, 42346342.22404014, 0.0], [0.0, -798032.4941890968, 0.0, 0.0, 0.0, 42346338.22404014]], "G": [[0.0, 0.0, 0.0, 0.0, 0.0, 0.0], [0.0, 0.0, 0.0, 0.0, 0.0, 0.0], [0.0, 0.0, 2836081.5, 0.0, 8159181.61109095, 0.0], [0.0, 0.0, 0.0, 12975871.0, 0.0, 83.724098], [0.0, 0.0, 8159181.61109095, 0.0, 236945148.43617532, 0.0], [0.0, 0.0, 0.0, 0.0, 0.0, 0.0]], "freqs": [0.2094395, 0.2513274, 0.3141592, 0.3590392, 0.3695991, 0.3807991, 0.3926991, 0.4053668, 0.418879, 0.4333231, 0.4487989, 0.4654211, 0.4833219, 0.5026549, 0.5235987, 0.5463639, 0.5711986, 0.5983986, 0.6283185, 0.6613879, 0.6981317, 0.7391983, 0.7853981, 0.837758, 0.8975978, 0.9666439, 1.047197, 1.142397, 1.256637, 1.396263, 1.570796, 1.795196, 2.094395, 2.513274, 3.141593, 4.18879]}