{"Ar":[[[-15.69423812821872,-116.87751057746806,-458.44643421148652,-883.22397860203569],[1,0,0,0],[0,1,0,0],[0,0,1,0]],[],0,[],0,[],[],[[-15.788463795328555,-117.30146288223992,-460.77165857065165,-881.70354351453318],[1,0,0,0],[0,1,0,0],[0,0,1,0]],[],[[-15.265238955780235,-143.81286850981758,-647.94856981424618,-1926.6266718760198,-1521.6643075974951],[1,0,0,0,0],[0,1,0,0,0],[0,0,1,0,0],[0,0,0,1,0]],[],[[-12.699671982200664,-138.0560127070197,-596.25909513646423,-2194.229954463392],[1,0,0,0],[0,1,0,0],[0,0,1,0]],0,[],[[-14.069592477698089,-41.867943250860286,-32.639742625265306,-5.9755415728532855,-0.10240733610319905],[1,0,0,0,0],[0,1,0,0,0],[0,0,1,0,0],[0,0,0,1,0]],[],[[-8.2916096346884824,-93.038299827757811,-167.52273145278366,-64.535144096595033,-3.9225333809382397],[1,0,0,0,0],[0,1,0,0,0],[0,0,1,0,0],[0,0,0,1,0]],[],[],[[-15.265238955780235,-143.81286850981758,-647.94856981424618,-1926.6266718760198,-1521.6643075974951],[1,0,0,0,0],[0,1,0,0,0],[0,0,1,0,0],[0,0,0,1,0]],[],[[-17.5455320282341,-162.61767963128869,-606.30717299283742,-1057.5893397116229],[1,0,0,0],[0,1,0,0],[0,0,1,0]],[],[[-6.2654202355436679,-36.359199337493429],[1,0]],0,[],[[-8.2916096346884824,-93.038299827757811,-167.52273145278366,-64.535144096595033,-3.9225333809382397],[1,0,0,0,0],[0,1,0,0,0],[0,0,1,0,0],[0,0,0,1,0]],[],[[-16.953202558770769,-58.856970565099608,-54.196565343147213,-12.130417434569582,-0.31707360007808072],[1,0,0,0,0],[0,1,0,0,0],[0,0,1,0,0],[0,0,0,1,0]],[],[],[[-12.699671982200664,-138.0560127070197,-596.25909513646423,-2194.229954463392],[1,0,0,0],[0,1,0,0],[0,0,1,0]],[],[[-6.2654202355436679,-36.359199337493429],[1,0]],[],[[-15.003611484141494,-123.16436745831784,-486.70811652239223,-1072.0751939031659],[1,0,0,0],[0,1,0,0],[0,0,1,0]]],"Br":[[1,0,0,0],[],0,[],0,[],[],[1,0,0,0],[],[1,0,0,0,0],[],[1,0,0,0],0,[],[1,0,0,0,0],[],[1,0,0,0,0],[],[],[1,0,0,0,0],[],[1,0,0,0],[],[1,0],0,[],[1,0,0,0,0],[],[1,0,0,0,0],[],[],[1,0,0,0],[],[1,0],[],[1,0,0,0]],"Cr":[[771.57830825015822,4246.8953379204968,8140.0162085786087,0],[],0,[],0,[],[],[6070.0453156263748,33378.104233532955,63561.409644906176,0],[],[-86.719129382030388,-191.72020070312598,-470.4200668669074,-368.44152641840589,0],[],[342.77767569452942,2489.296741119294,9038.0975619793517,0],0,[],[6554.9770956009361,17903.361189985884,6356.0163335920033,243.07366481039762,0],[],[447.32402826757925,7934.5248594533559,6528.0556579130143,701.35101368422033,0],[],[],[-86.719129382030388,-191.72020070312598,-470.4200668669074,-368.44152641840589,0],[],[10.866853906001552,51.268946556275409,89.178902430851849,0],[],[-15.849333840110361,0],0,[],[447.32402826757925,7934.5248594533559,6528.0556579130143,701.35101368422033,0],[],[3701.0201842246242,12504.289208711078,5473.2375800216359,290.54417293349445,0],[],[],[342.77767569452942,2489.296741119294,9038.0975619793517,0],[],[-15.849333840110361,0],[],[2372.8528936141738,13420.405848564875,29364.268913775704,0]],"Dr":[0,[],0,[],0,[],[],0,[],0,[],0,0,[],0,[],0,[],[],0,[],0,[],0,0,[],0,[],0,[],[],0,[],0,[],0],"MRB":[[127.51217,0,0,0,0,0],[0,127.51217,0,0,0,0],[0,0,127.51217,0,0,0],[0,0,0,3.1031363,0,0],[0,0,0,0,61.768932,0],[0,0,0,0,0,61.768936]],"MA":[[3.6974808211475283,0,0,0,0,0],[0,29.117907327012819,0,-0.30167920265679227,0,1.1558772870582825],[0,0,297.391915689402,0,22.456582183929832,0],[0,-0.81023717,0,1.292470234323539,0,-0.11064754011954404],[0,0,18.942947,0,121.61890691343402,0],[0,0.59218287,0,-0.18886338,0,12.608479549615133]],"G":[[0,0,0,0,0,0],[0,0,0,0,0,0],[0,0,10463.068,0,870.6709,0],[0,0,0,81.093613,0,0.0010211411],[0,0,870.6709,0,4880.8135,0],[0,0,0,0,0,0]],"Minv":[[0.007752142554600383,0,0,0,0,-0],[0,0.0071947054802482509,0,0.0013195249211875562,0,-5.7172006128209215E-5],[0,0,0.0032400687845018,0,-0.00046340775231294468,-0],[0,0.0013195249211875562,0,0.22704441385716664,-0,0.00060001496619575877],[0,0,-0.00046340775231294468,-0,0.0076165317302372814,-0],[-0,-5.7172006128209215E-5,-0,0.00060001496619575877,-0,0.014254581485692244]],"r_g":[0.043288097,0,0]}